st,stlon,stlat,distm
10999,10.7181675,52.163574,1000
10998,10.7440658,51.7929216,1000
10997,14.108672,51.8597486,1000
